OdpadNaObyv_g,ORP_Cislo,Pocet_Obyvatel,Evident_ORP_Cislo,Odpad_vKg,ORP_Nazev
2946.838891610606,4103,83689,4103,246618.0,Karlovy Vary
1839.2202277552597,4107,72534,4107,133406.0,Sokolov
2157.8826477343914,4102,47890,4102,103341.0,Cheb
2993.2101809354017,4106,26363,4106,78910.0,Ostrov
2043.497003922921,4105,23197,4105,47403.0,Mariánské Lázně
866.1015944520183,4101,16871,4101,14612.0,Aš
4350.307910942681,4104,12666,4104,55101.0,Kraslice
